"Time","A2","A3","A4","A5","A6","A7","A8","A9","B2","B3","B4","B5","B6","B7","B8","B9","C2","C3","C4","C5","C6","C7","C8","C9","D2","D3","D4","D5","D6","D7","D8","D9"
0,0.044,0.044,0.043,0.044,0.043,0.044,0.044,0.043,0.043,0.043,0.042,0.043,0.043,0.041,0.041,0.042,0.041,0.042,0.041,0.041,0.041,0.042,0.041,0.041,0.042,0.043,0.037,0.044,0.042,0.042,0.045,0.043
20,0.046,0.045,0.044,0.045,0.045,0.046,0.045,0.044,0.044,0.043,0.043,0.044,0.044,0.042,0.042,0.043,0.042,0.042,0.041,0.042,0.042,0.042,0.041,0.041,0.042,0.043,0.037,0.043,0.042,0.042,0.045,0.043
40,0.048,0.047,0.046,0.046,0.046,0.047,0.046,0.046,0.044,0.043,0.043,0.044,0.045,0.042,0.043,0.043,0.042,0.042,0.042,0.042,0.042,0.042,0.042,0.042,0.043,0.043,0.037,0.044,0.043,0.042,0.045,0.044
60,0.054,0.052,0.049,0.049,0.049,0.05,0.05,0.051,0.045,0.044,0.044,0.044,0.045,0.043,0.043,0.044,0.042,0.042,0.041,0.042,0.042,0.043,0.041,0.042,0.042,0.043,0.037,0.043,0.042,0.042,0.045,0.044
80,0.064,0.059,0.056,0.054,0.054,0.057,0.057,0.061,0.047,0.045,0.045,0.045,0.046,0.044,0.044,0.045,0.043,0.043,0.042,0.042,0.042,0.043,0.042,0.042,0.043,0.044,0.037,0.044,0.043,0.042,0.045,0.044
100,0.078,0.069,0.067,0.062,0.061,0.069,0.067,0.075,0.049,0.046,0.046,0.046,0.046,0.045,0.045,0.047,0.043,0.044,0.042,0.043,0.043,0.043,0.042,0.043,0.043,0.044,0.038,0.044,0.043,0.043,0.046,0.045
120,0.094,0.081,0.081,0.07,0.069,0.083,0.078,0.09,0.052,0.048,0.047,0.047,0.048,0.047,0.047,0.05,0.043,0.044,0.042,0.043,0.043,0.044,0.042,0.043,0.043,0.044,0.037,0.044,0.042,0.043,0.045,0.045
140,0.111,0.093,0.097,0.079,0.079,0.099,0.09,0.107,0.058,0.051,0.051,0.049,0.05,0.05,0.049,0.055,0.044,0.044,0.043,0.043,0.043,0.044,0.042,0.044,0.043,0.044,0.038,0.044,0.043,0.043,0.045,0.045
160,0.128,0.106,0.115,0.088,0.089,0.118,0.103,0.124,0.065,0.056,0.057,0.052,0.054,0.056,0.054,0.062,0.045,0.044,0.043,0.044,0.044,0.045,0.043,0.044,0.044,0.044,0.038,0.044,0.043,0.043,0.045,0.046
180,0.147,0.119,0.134,0.098,0.098,0.137,0.116,0.143,0.072,0.061,0.064,0.056,0.058,0.062,0.059,0.071,0.045,0.045,0.044,0.044,0.044,0.045,0.043,0.045,0.044,0.044,0.037,0.044,0.043,0.043,0.045,0.046
200,0.167,0.133,0.154,0.109,0.11,0.158,0.131,0.162,0.082,0.069,0.073,0.06,0.063,0.071,0.066,0.08,0.047,0.046,0.045,0.044,0.044,0.046,0.044,0.046,0.044,0.045,0.038,0.044,0.043,0.043,0.046,0.046
220,0.184,0.146,0.173,0.119,0.12,0.179,0.144,0.179,0.092,0.075,0.082,0.065,0.068,0.081,0.073,0.09,0.049,0.047,0.047,0.045,0.045,0.047,0.044,0.047,0.044,0.044,0.037,0.044,0.043,0.043,0.045,0.046
240,0.202,0.16,0.193,0.13,0.131,0.199,0.159,0.197,0.103,0.083,0.092,0.07,0.074,0.091,0.08,0.101,0.051,0.048,0.049,0.045,0.045,0.049,0.045,0.05,0.044,0.045,0.038,0.044,0.043,0.043,0.045,0.047
260,0.217,0.174,0.212,0.141,0.142,0.219,0.174,0.213,0.114,0.091,0.104,0.076,0.08,0.103,0.089,0.114,0.055,0.051,0.053,0.047,0.047,0.052,0.047,0.053,0.044,0.045,0.039,0.045,0.044,0.044,0.045,0.048
280,0.231,0.189,0.23,0.152,0.154,0.238,0.189,0.227,0.127,0.1,0.115,0.082,0.086,0.115,0.098,0.126,0.059,0.054,0.056,0.048,0.048,0.056,0.05,0.057,0.044,0.045,0.039,0.045,0.044,0.044,0.045,0.048
300,0.242,0.203,0.247,0.163,0.166,0.255,0.203,0.239,0.14,0.108,0.128,0.089,0.094,0.128,0.107,0.139,0.064,0.057,0.061,0.05,0.05,0.059,0.053,0.061,0.045,0.045,0.039,0.045,0.044,0.044,0.046,0.048
320,0.252,0.215,0.26,0.174,0.176,0.269,0.218,0.248,0.152,0.117,0.14,0.095,0.1,0.141,0.116,0.152,0.069,0.06,0.066,0.052,0.052,0.064,0.057,0.066,0.045,0.045,0.039,0.045,0.044,0.045,0.045,0.049
340,0.26,0.228,0.272,0.186,0.188,0.282,0.231,0.256,0.166,0.126,0.153,0.102,0.107,0.155,0.125,0.165,0.073,0.064,0.071,0.054,0.054,0.068,0.06,0.071,0.045,0.045,0.039,0.045,0.044,0.045,0.045,0.049
360,0.266,0.24,0.282,0.196,0.199,0.292,0.245,0.262,0.18,0.135,0.167,0.109,0.115,0.17,0.135,0.18,0.08,0.068,0.078,0.057,0.057,0.074,0.065,0.077,0.046,0.046,0.04,0.045,0.045,0.045,0.046,0.049
380,0.272,0.252,0.29,0.207,0.21,0.301,0.258,0.267,0.193,0.144,0.181,0.116,0.122,0.185,0.145,0.194,0.086,0.073,0.084,0.06,0.06,0.08,0.07,0.083,0.046,0.046,0.04,0.046,0.045,0.046,0.046,0.05
400,0.277,0.263,0.297,0.217,0.221,0.308,0.27,0.271,0.207,0.154,0.195,0.122,0.129,0.2,0.155,0.208,0.092,0.078,0.091,0.063,0.063,0.086,0.074,0.089,0.047,0.046,0.04,0.046,0.045,0.046,0.047,0.051
420,0.281,0.272,0.303,0.227,0.231,0.315,0.28,0.275,0.222,0.163,0.21,0.13,0.137,0.216,0.165,0.223,0.099,0.083,0.098,0.067,0.067,0.093,0.08,0.096,0.049,0.047,0.041,0.046,0.045,0.047,0.048,0.052
440,0.285,0.281,0.307,0.237,0.241,0.32,0.291,0.278,0.235,0.173,0.224,0.137,0.145,0.231,0.175,0.237,0.105,0.088,0.105,0.069,0.069,0.1,0.085,0.103,0.049,0.047,0.042,0.046,0.045,0.047,0.048,0.053
460,0.288,0.289,0.311,0.245,0.25,0.323,0.3,0.28,0.249,0.182,0.239,0.144,0.153,0.247,0.186,0.252,0.113,0.093,0.113,0.073,0.074,0.107,0.091,0.11,0.051,0.047,0.043,0.046,0.046,0.048,0.049,0.055
480,0.291,0.297,0.315,0.254,0.258,0.327,0.308,0.283,0.263,0.192,0.253,0.152,0.161,0.263,0.196,0.265,0.12,0.099,0.121,0.078,0.078,0.115,0.097,0.118,0.053,0.048,0.044,0.047,0.046,0.05,0.05,0.057
500,0.294,0.303,0.317,0.261,0.266,0.331,0.315,0.285,0.275,0.202,0.266,0.159,0.169,0.278,0.207,0.277,0.127,0.105,0.129,0.081,0.081,0.123,0.102,0.126,0.055,0.048,0.045,0.047,0.047,0.051,0.051,0.058
520,0.296,0.309,0.32,0.269,0.274,0.333,0.322,0.287,0.287,0.212,0.279,0.167,0.177,0.292,0.218,0.29,0.136,0.111,0.138,0.086,0.086,0.131,0.109,0.134,0.057,0.05,0.047,0.048,0.047,0.053,0.054,0.06
540,0.298,0.313,0.322,0.276,0.28,0.336,0.328,0.289,0.297,0.221,0.291,0.174,0.185,0.305,0.229,0.299,0.143,0.116,0.146,0.09,0.09,0.139,0.115,0.142,0.059,0.051,0.049,0.048,0.048,0.055,0.055,0.063
560,0.3,0.317,0.324,0.281,0.286,0.338,0.333,0.29,0.307,0.231,0.302,0.182,0.193,0.318,0.239,0.309,0.151,0.122,0.155,0.094,0.094,0.148,0.121,0.151,0.061,0.052,0.05,0.049,0.049,0.057,0.057,0.065
580,0.302,0.322,0.326,0.286,0.292,0.341,0.338,0.292,0.314,0.24,0.311,0.189,0.201,0.329,0.249,0.317,0.16,0.128,0.164,0.098,0.099,0.157,0.127,0.159,0.064,0.053,0.053,0.05,0.05,0.059,0.059,0.067
600,0.303,0.326,0.327,0.292,0.297,0.342,0.342,0.294,0.322,0.25,0.321,0.197,0.209,0.34,0.259,0.324,0.168,0.134,0.173,0.102,0.103,0.166,0.134,0.169,0.066,0.055,0.055,0.05,0.05,0.062,0.062,0.07
620,0.305,0.328,0.329,0.296,0.301,0.344,0.346,0.295,0.329,0.259,0.329,0.205,0.218,0.349,0.27,0.331,0.178,0.14,0.183,0.107,0.108,0.175,0.141,0.178,0.069,0.057,0.058,0.052,0.052,0.065,0.064,0.073
640,0.307,0.332,0.33,0.301,0.306,0.346,0.349,0.296,0.334,0.268,0.336,0.212,0.226,0.357,0.279,0.335,0.186,0.146,0.192,0.112,0.113,0.185,0.147,0.187,0.072,0.058,0.061,0.053,0.053,0.068,0.067,0.076
660,0.308,0.334,0.332,0.304,0.31,0.347,0.352,0.298,0.339,0.276,0.342,0.22,0.234,0.364,0.289,0.34,0.195,0.153,0.202,0.116,0.117,0.195,0.154,0.197,0.075,0.06,0.063,0.054,0.055,0.07,0.07,0.08
680,0.309,0.336,0.333,0.308,0.314,0.349,0.355,0.299,0.342,0.285,0.347,0.227,0.241,0.371,0.299,0.344,0.205,0.159,0.212,0.121,0.122,0.205,0.161,0.207,0.078,0.063,0.066,0.056,0.056,0.074,0.073,0.083
700,0.311,0.338,0.334,0.311,0.317,0.351,0.358,0.3,0.346,0.292,0.353,0.234,0.249,0.376,0.308,0.348,0.214,0.165,0.222,0.126,0.127,0.215,0.168,0.217,0.081,0.065,0.069,0.057,0.058,0.077,0.076,0.086
720,0.311,0.339,0.335,0.314,0.319,0.351,0.36,0.302,0.348,0.3,0.357,0.241,0.256,0.381,0.316,0.351,0.223,0.172,0.232,0.131,0.132,0.225,0.175,0.227,0.084,0.067,0.072,0.058,0.06,0.08,0.079,0.09
740,0.313,0.342,0.336,0.317,0.323,0.353,0.362,0.303,0.352,0.307,0.36,0.248,0.263,0.385,0.324,0.354,0.232,0.178,0.242,0.135,0.137,0.234,0.182,0.237,0.088,0.07,0.075,0.06,0.061,0.084,0.082,0.094
760,0.313,0.342,0.337,0.319,0.324,0.353,0.364,0.304,0.354,0.314,0.364,0.254,0.271,0.389,0.332,0.357,0.242,0.184,0.252,0.14,0.142,0.245,0.189,0.248,0.091,0.072,0.079,0.062,0.063,0.08,0.085,0.097
780,0.314,0.344,0.338,0.321,0.327,0.355,0.366,0.304,0.356,0.32,0.367,0.261,0.277,0.392,0.339,0.358,0.251,0.191,0.262,0.146,0.147,0.256,0.196,0.258,0.095,0.074,0.082,0.063,0.065,0.083,0.089,0.101
800,0.315,0.345,0.339,0.323,0.328,0.356,0.367,0.305,0.358,0.326,0.369,0.267,0.284,0.396,0.347,0.361,0.261,0.198,0.273,0.151,0.152,0.267,0.204,0.269,0.098,0.077,0.086,0.065,0.068,0.087,0.092,0.106
820,0.315,0.346,0.339,0.325,0.33,0.356,0.369,0.306,0.359,0.332,0.371,0.273,0.29,0.398,0.353,0.363,0.27,0.204,0.283,0.155,0.157,0.277,0.21,0.279,0.102,0.079,0.089,0.067,0.069,0.09,0.095,0.109
840,0.316,0.348,0.34,0.327,0.332,0.358,0.371,0.308,0.362,0.338,0.374,0.279,0.296,0.401,0.359,0.365,0.279,0.211,0.292,0.161,0.162,0.288,0.218,0.29,0.106,0.082,0.093,0.069,0.072,0.094,0.099,0.114
860,0.317,0.348,0.341,0.328,0.334,0.359,0.372,0.308,0.363,0.343,0.376,0.285,0.303,0.403,0.366,0.368,0.289,0.218,0.302,0.166,0.168,0.299,0.226,0.301,0.11,0.085,0.097,0.071,0.074,0.097,0.103,0.119
880,0.318,0.349,0.342,0.33,0.335,0.36,0.373,0.31,0.364,0.347,0.378,0.29,0.308,0.405,0.371,0.369,0.297,0.224,0.311,0.171,0.173,0.308,0.233,0.311,0.114,0.088,0.101,0.073,0.076,0.101,0.106,0.123
900,0.318,0.35,0.342,0.331,0.336,0.361,0.375,0.31,0.366,0.352,0.379,0.295,0.313,0.408,0.375,0.37,0.306,0.23,0.32,0.176,0.179,0.318,0.24,0.321,0.118,0.091,0.105,0.075,0.078,0.105,0.11,0.127
920,0.319,0.351,0.343,0.332,0.338,0.361,0.376,0.311,0.366,0.356,0.381,0.3,0.318,0.409,0.381,0.372,0.314,0.237,0.329,0.182,0.184,0.328,0.248,0.33,0.122,0.093,0.109,0.077,0.08,0.109,0.114,0.132
940,0.32,0.352,0.344,0.334,0.339,0.363,0.377,0.313,0.368,0.361,0.383,0.305,0.323,0.412,0.386,0.374,0.321,0.243,0.337,0.187,0.189,0.337,0.255,0.339,0.126,0.096,0.113,0.079,0.083,0.112,0.118,0.136
960,0.32,0.352,0.344,0.334,0.34,0.363,0.378,0.313,0.369,0.364,0.384,0.309,0.328,0.413,0.39,0.375,0.328,0.25,0.345,0.192,0.195,0.346,0.263,0.348,0.131,0.1,0.118,0.082,0.086,0.117,0.122,0.142
980,0.321,0.353,0.345,0.336,0.341,0.364,0.379,0.315,0.37,0.367,0.385,0.314,0.332,0.415,0.394,0.377,0.334,0.256,0.351,0.198,0.2,0.354,0.27,0.356,0.134,0.103,0.122,0.085,0.088,0.121,0.125,0.146
1000,0.321,0.353,0.345,0.336,0.342,0.364,0.38,0.315,0.371,0.37,0.386,0.318,0.336,0.416,0.397,0.379,0.34,0.263,0.359,0.203,0.205,0.362,0.277,0.363,0.139,0.106,0.126,0.087,0.091,0.125,0.13,0.151
1020,0.322,0.354,0.346,0.337,0.343,0.366,0.381,0.316,0.371,0.373,0.388,0.321,0.34,0.418,0.401,0.379,0.346,0.269,0.365,0.208,0.211,0.369,0.285,0.37,0.144,0.109,0.131,0.089,0.093,0.129,0.134,0.156
1040,0.322,0.355,0.346,0.338,0.344,0.366,0.381,0.316,0.373,0.376,0.388,0.325,0.343,0.419,0.404,0.38,0.351,0.275,0.37,0.213,0.217,0.376,0.291,0.376,0.148,0.112,0.135,0.091,0.096,0.133,0.137,0.161
1060,0.323,0.355,0.347,0.339,0.345,0.367,0.383,0.317,0.374,0.379,0.389,0.329,0.347,0.421,0.407,0.382,0.356,0.281,0.375,0.219,0.223,0.382,0.299,0.382,0.153,0.116,0.14,0.094,0.099,0.138,0.142,0.167
1080,0.324,0.356,0.348,0.34,0.346,0.368,0.383,0.318,0.375,0.381,0.39,0.332,0.351,0.422,0.409,0.383,0.36,0.287,0.38,0.224,0.228,0.388,0.305,0.387,0.157,0.119,0.145,0.096,0.101,0.142,0.146,0.172
1100,0.323,0.356,0.347,0.341,0.346,0.368,0.383,0.318,0.375,0.383,0.391,0.334,0.353,0.423,0.412,0.384,0.363,0.293,0.384,0.229,0.233,0.393,0.312,0.391,0.161,0.121,0.149,0.099,0.104,0.146,0.15,0.177
1120,0.323,0.357,0.348,0.341,0.347,0.369,0.385,0.319,0.375,0.384,0.392,0.337,0.356,0.424,0.415,0.386,0.366,0.299,0.388,0.234,0.238,0.398,0.319,0.396,0.166,0.125,0.154,0.102,0.107,0.152,0.155,0.183
1140,0.325,0.358,0.348,0.343,0.348,0.37,0.385,0.32,0.377,0.386,0.393,0.341,0.359,0.426,0.418,0.387,0.369,0.305,0.392,0.24,0.244,0.402,0.326,0.4,0.171,0.128,0.159,0.104,0.11,0.156,0.159,0.188
1160,0.324,0.357,0.349,0.342,0.348,0.37,0.386,0.32,0.377,0.388,0.394,0.343,0.361,0.427,0.419,0.388,0.372,0.31,0.395,0.245,0.249,0.406,0.332,0.403,0.176,0.131,0.164,0.107,0.112,0.161,0.163,0.194
1180,0.325,0.358,0.349,0.343,0.349,0.37,0.387,0.321,0.378,0.389,0.395,0.345,0.364,0.428,0.421,0.389,0.374,0.316,0.399,0.25,0.254,0.41,0.338,0.407,0.181,0.135,0.169,0.109,0.116,0.166,0.168,0.2
1200,0.325,0.358,0.35,0.344,0.349,0.372,0.387,0.322,0.379,0.391,0.395,0.348,0.366,0.429,0.424,0.39,0.377,0.32,0.401,0.255,0.259,0.414,0.344,0.41,0.185,0.138,0.174,0.112,0.118,0.17,0.172,0.206
1220,0.325,0.358,0.35,0.343,0.349,0.372,0.388,0.322,0.378,0.392,0.396,0.349,0.368,0.429,0.425,0.391,0.378,0.325,0.404,0.259,0.264,0.416,0.35,0.412,0.19,0.141,0.179,0.114,0.121,0.175,0.177,0.211
1240,0.326,0.359,0.35,0.344,0.351,0.373,0.389,0.322,0.379,0.393,0.396,0.351,0.37,0.431,0.427,0.392,0.38,0.331,0.406,0.264,0.27,0.42,0.356,0.415,0.196,0.145,0.184,0.117,0.124,0.18,0.181,0.217
1260,0.326,0.359,0.351,0.345,0.351,0.373,0.389,0.323,0.38,0.394,0.397,0.353,0.372,0.432,0.429,0.393,0.382,0.335,0.408,0.269,0.274,0.422,0.361,0.417,0.2,0.148,0.189,0.12,0.127,0.185,0.185,0.223
1280,0.326,0.36,0.351,0.346,0.351,0.373,0.39,0.324,0.381,0.396,0.398,0.355,0.374,0.433,0.43,0.394,0.383,0.34,0.41,0.274,0.279,0.425,0.367,0.42,0.205,0.151,0.194,0.122,0.13,0.191,0.174,0.23
1300,0.326,0.359,0.351,0.346,0.351,0.373,0.39,0.324,0.381,0.397,0.399,0.357,0.375,0.433,0.432,0.395,0.385,0.345,0.412,0.279,0.284,0.427,0.372,0.421,0.21,0.154,0.199,0.125,0.132,0.195,0.171,0.236
1320,0.326,0.36,0.351,0.346,0.352,0.374,0.391,0.324,0.381,0.397,0.399,0.358,0.377,0.434,0.432,0.395,0.386,0.349,0.414,0.283,0.289,0.429,0.378,0.423,0.215,0.158,0.205,0.128,0.136,0.201,0.176,0.242
1340,0.327,0.36,0.352,0.347,0.352,0.375,0.391,0.326,0.382,0.399,0.399,0.36,0.379,0.435,0.434,0.397,0.388,0.354,0.416,0.288,0.294,0.431,0.383,0.426,0.221,0.162,0.21,0.131,0.139,0.207,0.181,0.249
1360,0.327,0.361,0.352,0.347,0.353,0.375,0.391,0.326,0.382,0.399,0.4,0.361,0.379,0.436,0.435,0.398,0.389,0.357,0.417,0.292,0.298,0.433,0.388,0.427,0.225,0.165,0.216,0.133,0.142,0.212,0.185,0.255
1380,0.327,0.361,0.352,0.347,0.353,0.376,0.392,0.327,0.382,0.4,0.4,0.362,0.381,0.437,0.436,0.398,0.389,0.361,0.418,0.297,0.303,0.435,0.392,0.429,0.231,0.168,0.22,0.136,0.145,0.218,0.189,0.262
1400,0.327,0.36,0.352,0.347,0.353,0.376,0.392,0.327,0.382,0.401,0.401,0.363,0.382,0.437,0.438,0.399,0.39,0.365,0.42,0.301,0.308,0.437,0.397,0.431,0.236,0.172,0.226,0.139,0.148,0.223,0.194,0.268
1420,0.327,0.361,0.353,0.348,0.354,0.377,0.393,0.328,0.383,0.401,0.401,0.365,0.384,0.438,0.439,0.4,0.391,0.369,0.421,0.305,0.312,0.438,0.401,0.432,0.242,0.176,0.232,0.142,0.151,0.229,0.199,0.275
1440,0.327,0.361,0.353,0.349,0.354,0.377,0.393,0.328,0.383,0.402,0.402,0.366,0.385,0.439,0.44,0.401,0.393,0.372,0.422,0.31,0.316,0.44,0.406,0.434,0.247,0.179,0.237,0.145,0.154,0.234,0.203,0.282
1460,0.328,0.362,0.353,0.349,0.355,0.377,0.394,0.328,0.384,0.403,0.403,0.367,0.385,0.439,0.44,0.401,0.393,0.376,0.423,0.313,0.321,0.441,0.41,0.435,0.252,0.182,0.243,0.147,0.157,0.24,0.207,0.288
1480,0.328,0.362,0.353,0.349,0.355,0.378,0.394,0.329,0.384,0.403,0.403,0.368,0.387,0.44,0.442,0.402,0.394,0.379,0.424,0.318,0.324,0.443,0.413,0.437,0.258,0.186,0.249,0.15,0.16,0.246,0.212,0.295
1500,0.327,0.361,0.353,0.349,0.355,0.377,0.395,0.329,0.385,0.404,0.403,0.369,0.388,0.441,0.443,0.403,0.395,0.382,0.426,0.321,0.328,0.444,0.417,0.438,0.263,0.189,0.254,0.153,0.164,0.252,0.216,0.302
1520,0.328,0.362,0.354,0.35,0.356,0.378,0.395,0.33,0.385,0.404,0.403,0.369,0.388,0.441,0.443,0.404,0.395,0.385,0.426,0.325,0.332,0.445,0.421,0.439,0.268,0.193,0.26,0.156,0.167,0.257,0.22,0.308
1540,0.328,0.363,0.354,0.35,0.356,0.379,0.396,0.331,0.386,0.405,0.404,0.371,0.39,0.442,0.445,0.405,0.396,0.388,0.427,0.329,0.337,0.448,0.424,0.441,0.273,0.196,0.266,0.159,0.17,0.264,0.224,0.315
1560,0.328,0.363,0.354,0.35,0.356,0.379,0.395,0.331,0.385,0.405,0.403,0.371,0.39,0.442,0.445,0.405,0.397,0.39,0.428,0.332,0.34,0.448,0.428,0.442,0.279,0.2,0.271,0.162,0.173,0.269,0.228,0.321
1580,0.328,0.362,0.354,0.35,0.356,0.379,0.395,0.33,0.385,0.405,0.404,0.372,0.391,0.443,0.445,0.405,0.397,0.392,0.428,0.336,0.343,0.449,0.43,0.443,0.283,0.203,0.277,0.165,0.176,0.274,0.232,0.327
1600,0.328,0.362,0.355,0.35,0.356,0.379,0.396,0.331,0.386,0.406,0.405,0.372,0.392,0.443,0.446,0.407,0.398,0.395,0.43,0.339,0.347,0.45,0.434,0.444,0.289,0.207,0.282,0.168,0.179,0.281,0.236,0.333
1620,0.329,0.363,0.355,0.351,0.357,0.381,0.396,0.332,0.386,0.407,0.405,0.373,0.392,0.444,0.447,0.407,0.398,0.397,0.43,0.343,0.35,0.451,0.437,0.446,0.294,0.21,0.288,0.171,0.183,0.286,0.241,0.339
1640,0.328,0.362,0.355,0.35,0.357,0.38,0.397,0.332,0.386,0.407,0.405,0.374,0.394,0.445,0.448,0.407,0.399,0.399,0.431,0.345,0.354,0.452,0.439,0.446,0.298,0.214,0.293,0.173,0.185,0.292,0.244,0.345
1660,0.329,0.363,0.355,0.351,0.357,0.381,0.398,0.333,0.386,0.408,0.405,0.375,0.394,0.445,0.448,0.408,0.4,0.402,0.432,0.349,0.357,0.454,0.443,0.448,0.304,0.217,0.299,0.177,0.189,0.298,0.249,0.351
1680,0.329,0.364,0.355,0.351,0.357,0.381,0.399,0.333,0.388,0.408,0.406,0.376,0.395,0.446,0.45,0.409,0.4,0.404,0.432,0.352,0.36,0.455,0.445,0.449,0.309,0.221,0.304,0.18,0.192,0.305,0.253,0.357
1700,0.329,0.363,0.355,0.351,0.358,0.381,0.397,0.333,0.387,0.408,0.406,0.375,0.395,0.446,0.449,0.41,0.401,0.406,0.432,0.355,0.363,0.455,0.447,0.45,0.313,0.224,0.31,0.182,0.195,0.31,0.257,0.361
1720,0.329,0.363,0.355,0.351,0.358,0.381,0.399,0.333,0.386,0.408,0.406,0.375,0.395,0.446,0.45,0.41,0.401,0.408,0.433,0.358,0.366,0.456,0.449,0.45,0.318,0.228,0.315,0.185,0.198,0.315,0.261,0.367
1740,0.329,0.363,0.355,0.352,0.358,0.382,0.398,0.334,0.387,0.408,0.406,0.377,0.396,0.447,0.451,0.41,0.402,0.41,0.433,0.36,0.369,0.457,0.452,0.452,0.322,0.231,0.32,0.188,0.202,0.321,0.265,0.372
1760,0.329,0.364,0.356,0.353,0.359,0.382,0.399,0.334,0.388,0.409,0.407,0.377,0.397,0.447,0.452,0.411,0.402,0.411,0.435,0.363,0.371,0.458,0.454,0.453,0.326,0.235,0.326,0.191,0.205,0.326,0.269,0.376
1780,0.329,0.363,0.356,0.352,0.358,0.382,0.399,0.334,0.388,0.409,0.407,0.377,0.397,0.448,0.452,0.412,0.403,0.413,0.434,0.365,0.374,0.459,0.456,0.454,0.33,0.238,0.331,0.194,0.208,0.331,0.273,0.38
1800,0.329,0.363,0.355,0.352,0.358,0.382,0.399,0.334,0.388,0.409,0.407,0.378,0.397,0.448,0.452,0.412,0.403,0.414,0.435,0.368,0.377,0.46,0.458,0.454,0.333,0.241,0.335,0.197,0.211,0.336,0.276,0.385
1820,0.329,0.364,0.356,0.352,0.359,0.382,0.399,0.335,0.387,0.409,0.407,0.378,0.398,0.448,0.452,0.412,0.403,0.415,0.435,0.37,0.379,0.461,0.46,0.455,0.337,0.244,0.341,0.2,0.214,0.341,0.281,0.388
1840,0.329,0.363,0.356,0.352,0.359,0.382,0.4,0.335,0.388,0.409,0.407,0.379,0.398,0.449,0.454,0.413,0.404,0.417,0.436,0.373,0.382,0.461,0.461,0.456,0.341,0.248,0.346,0.203,0.217,0.346,0.284,0.392
1860,0.329,0.364,0.356,0.353,0.359,0.383,0.4,0.336,0.388,0.409,0.408,0.379,0.399,0.449,0.454,0.413,0.404,0.418,0.436,0.375,0.384,0.462,0.463,0.456,0.344,0.251,0.35,0.205,0.221,0.35,0.289,0.395
1880,0.329,0.363,0.355,0.353,0.359,0.383,0.4,0.336,0.388,0.41,0.408,0.379,0.399,0.45,0.453,0.414,0.405,0.42,0.437,0.377,0.387,0.463,0.465,0.458,0.347,0.255,0.355,0.209,0.225,0.355,0.292,0.399
1900,0.329,0.364,0.356,0.353,0.359,0.383,0.401,0.336,0.388,0.41,0.407,0.379,0.399,0.45,0.454,0.414,0.405,0.421,0.437,0.379,0.388,0.464,0.467,0.459,0.35,0.257,0.359,0.211,0.227,0.359,0.295,0.403
1920,0.329,0.364,0.356,0.353,0.359,0.383,0.401,0.336,0.388,0.41,0.408,0.379,0.399,0.45,0.454,0.415,0.405,0.421,0.437,0.381,0.391,0.464,0.468,0.459,0.354,0.261,0.363,0.214,0.23,0.364,0.3,0.406
1940,0.328,0.363,0.356,0.353,0.359,0.383,0.4,0.336,0.388,0.411,0.408,0.38,0.4,0.451,0.455,0.415,0.405,0.423,0.438,0.383,0.393,0.465,0.47,0.46,0.356,0.264,0.367,0.217,0.234,0.368,0.304,0.408
1960,0.33,0.364,0.356,0.353,0.36,0.385,0.401,0.337,0.388,0.411,0.408,0.38,0.4,0.451,0.455,0.415,0.405,0.423,0.438,0.385,0.395,0.466,0.471,0.461,0.358,0.267,0.371,0.22,0.237,0.371,0.307,0.411
1980,0.329,0.364,0.356,0.353,0.36,0.384,0.401,0.337,0.389,0.411,0.408,0.381,0.401,0.451,0.455,0.416,0.406,0.424,0.439,0.387,0.396,0.466,0.472,0.461,0.361,0.27,0.375,0.222,0.24,0.375,0.311,0.414
2000,0.329,0.364,0.357,0.354,0.36,0.385,0.402,0.337,0.389,0.411,0.409,0.381,0.401,0.452,0.456,0.417,0.407,0.426,0.44,0.389,0.398,0.467,0.474,0.463,0.363,0.274,0.379,0.226,0.243,0.379,0.315,0.417
2020,0.329,0.364,0.356,0.353,0.36,0.384,0.402,0.338,0.389,0.411,0.409,0.381,0.401,0.452,0.457,0.417,0.406,0.427,0.439,0.391,0.4,0.467,0.475,0.463,0.365,0.277,0.382,0.228,0.246,0.382,0.318,0.418
2040,0.328,0.363,0.356,0.353,0.36,0.384,0.401,0.337,0.388,0.411,0.409,0.381,0.402,0.452,0.457,0.417,0.407,0.428,0.44,0.392,0.402,0.468,0.477,0.464,0.367,0.28,0.386,0.232,0.249,0.385,0.321,0.421
2060,0.328,0.364,0.356,0.354,0.36,0.384,0.401,0.338,0.388,0.411,0.408,0.381,0.401,0.452,0.457,0.417,0.406,0.427,0.439,0.393,0.403,0.468,0.477,0.462,0.368,0.283,0.388,0.234,0.252,0.387,0.324,0.421
2080,0.328,0.363,0.356,0.353,0.36,0.384,0.402,0.338,0.388,0.411,0.409,0.382,0.402,0.452,0.458,0.418,0.407,0.429,0.44,0.395,0.405,0.469,0.479,0.459,0.371,0.286,0.392,0.237,0.255,0.391,0.328,0.424
2100,0.329,0.364,0.356,0.354,0.36,0.385,0.403,0.338,0.388,0.411,0.409,0.382,0.402,0.453,0.458,0.418,0.407,0.43,0.441,0.397,0.407,0.47,0.48,0.457,0.373,0.289,0.395,0.24,0.258,0.393,0.331,0.426
2120,0.329,0.364,0.356,0.354,0.361,0.386,0.403,0.339,0.388,0.411,0.409,0.382,0.403,0.453,0.458,0.419,0.407,0.43,0.441,0.398,0.408,0.47,0.481,0.456,0.374,0.292,0.398,0.242,0.261,0.396,0.334,0.427
2140,0.328,0.363,0.356,0.353,0.361,0.385,0.403,0.338,0.388,0.411,0.409,0.382,0.403,0.454,0.458,0.419,0.407,0.431,0.441,0.399,0.41,0.471,0.482,0.456,0.375,0.295,0.4,0.245,0.265,0.398,0.337,0.429
2160,0.328,0.364,0.356,0.354,0.361,0.386,0.403,0.339,0.388,0.411,0.409,0.383,0.403,0.454,0.458,0.419,0.407,0.432,0.441,0.4,0.411,0.471,0.483,0.456,0.377,0.298,0.403,0.247,0.267,0.401,0.341,0.431
2180,0.329,0.364,0.357,0.354,0.361,0.386,0.404,0.34,0.389,0.412,0.409,0.383,0.404,0.455,0.459,0.421,0.408,0.433,0.441,0.403,0.413,0.472,0.484,0.458,0.378,0.301,0.406,0.251,0.271,0.404,0.344,0.433
2200,0.328,0.363,0.356,0.354,0.361,0.386,0.403,0.339,0.388,0.411,0.409,0.382,0.403,0.454,0.459,0.419,0.408,0.432,0.441,0.403,0.414,0.472,0.484,0.458,0.379,0.303,0.407,0.253,0.273,0.405,0.347,0.434
2220,0.328,0.363,0.356,0.354,0.361,0.385,0.404,0.339,0.388,0.411,0.409,0.382,0.403,0.454,0.459,0.42,0.408,0.433,0.441,0.404,0.414,0.472,0.485,0.458,0.38,0.306,0.409,0.255,0.276,0.406,0.35,0.435
2240,0.328,0.364,0.356,0.354,0.362,0.386,0.404,0.34,0.388,0.412,0.41,0.383,0.404,0.455,0.46,0.421,0.408,0.435,0.442,0.406,0.416,0.474,0.487,0.46,0.382,0.309,0.412,0.259,0.28,0.41,0.353,0.438
2260,0.328,0.363,0.356,0.354,0.362,0.386,0.404,0.34,0.388,0.411,0.409,0.383,0.403,0.455,0.46,0.42,0.408,0.434,0.442,0.407,0.417,0.473,0.487,0.46,0.382,0.312,0.413,0.261,0.282,0.411,0.357,0.439
2280,0.328,0.363,0.356,0.354,0.362,0.387,0.404,0.34,0.388,0.412,0.41,0.384,0.404,0.455,0.461,0.421,0.409,0.435,0.443,0.408,0.419,0.474,0.488,0.46,0.384,0.315,0.415,0.264,0.285,0.413,0.359,0.44
2300,0.328,0.363,0.356,0.354,0.361,0.386,0.404,0.34,0.388,0.411,0.409,0.383,0.404,0.455,0.46,0.421,0.408,0.435,0.442,0.409,0.419,0.475,0.489,0.461,0.384,0.317,0.417,0.266,0.287,0.414,0.362,0.44
2320,0.327,0.363,0.356,0.354,0.362,0.387,0.404,0.34,0.388,0.411,0.41,0.384,0.404,0.455,0.461,0.422,0.409,0.435,0.442,0.41,0.42,0.475,0.489,0.462,0.384,0.32,0.418,0.269,0.29,0.415,0.365,0.442
2340,0.328,0.363,0.356,0.354,0.362,0.387,0.405,0.341,0.388,0.411,0.41,0.384,0.404,0.456,0.461,0.422,0.409,0.436,0.442,0.411,0.422,0.475,0.49,0.462,0.386,0.322,0.42,0.271,0.293,0.417,0.368,0.443
2360,0.328,0.363,0.356,0.354,0.362,0.387,0.404,0.341,0.388,0.411,0.41,0.384,0.404,0.455,0.46,0.422,0.409,0.436,0.443,0.412,0.422,0.475,0.49,0.463,0.386,0.324,0.421,0.274,0.296,0.419,0.37,0.443
2380,0.327,0.362,0.355,0.354,0.361,0.386,0.404,0.341,0.388,0.411,0.409,0.384,0.404,0.456,0.461,0.422,0.408,0.436,0.442,0.412,0.423,0.476,0.491,0.463,0.387,0.327,0.422,0.276,0.298,0.42,0.372,0.445
2400,0.327,0.363,0.356,0.354,0.362,0.387,0.404,0.341,0.388,0.411,0.409,0.384,0.405,0.456,0.461,0.423,0.409,0.436,0.443,0.413,0.424,0.476,0.492,0.464,0.387,0.329,0.424,0.278,0.301,0.421,0.375,0.445
2420,0.327,0.363,0.356,0.354,0.362,0.387,0.405,0.341,0.387,0.411,0.409,0.384,0.405,0.457,0.462,0.423,0.409,0.437,0.444,0.414,0.425,0.477,0.493,0.465,0.388,0.332,0.425,0.281,0.304,0.423,0.378,0.447
2440,0.327,0.363,0.356,0.354,0.361,0.387,0.405,0.341,0.387,0.411,0.409,0.384,0.404,0.456,0.461,0.423,0.408,0.437,0.443,0.414,0.426,0.476,0.493,0.465,0.388,0.334,0.425,0.283,0.306,0.424,0.38,0.447
2460,0.328,0.363,0.356,0.354,0.362,0.387,0.405,0.342,0.388,0.411,0.41,0.384,0.405,0.457,0.462,0.423,0.408,0.438,0.444,0.415,0.427,0.477,0.494,0.466,0.389,0.337,0.427,0.286,0.309,0.425,0.383,0.449
2480,0.327,0.363,0.356,0.355,0.363,0.388,0.406,0.342,0.388,0.412,0.409,0.384,0.406,0.457,0.463,0.425,0.41,0.439,0.444,0.417,0.428,0.478,0.495,0.467,0.39,0.34,0.429,0.289,0.313,0.427,0.386,0.45
2500,0.326,0.362,0.355,0.354,0.362,0.387,0.405,0.342,0.387,0.411,0.409,0.384,0.404,0.456,0.462,0.423,0.408,0.437,0.443,0.417,0.428,0.478,0.494,0.466,0.39,0.34,0.428,0.29,0.314,0.427,0.386,0.45
2520,0.327,0.363,0.356,0.355,0.362,0.388,0.406,0.343,0.388,0.412,0.41,0.385,0.406,0.458,0.463,0.425,0.41,0.439,0.444,0.418,0.429,0.479,0.496,0.467,0.391,0.344,0.43,0.293,0.317,0.428,0.39,0.452
2540,0.326,0.362,0.355,0.354,0.362,0.386,0.405,0.342,0.387,0.411,0.409,0.384,0.405,0.457,0.462,0.424,0.409,0.438,0.444,0.418,0.429,0.478,0.496,0.467,0.39,0.345,0.43,0.295,0.318,0.429,0.391,0.451
2560,0.326,0.361,0.355,0.354,0.362,0.387,0.405,0.342,0.387,0.411,0.409,0.384,0.405,0.457,0.462,0.424,0.409,0.438,0.444,0.418,0.429,0.479,0.496,0.467,0.39,0.347,0.431,0.297,0.321,0.43,0.393,0.452
2580,0.326,0.362,0.355,0.354,0.362,0.387,0.405,0.342,0.386,0.41,0.409,0.384,0.405,0.457,0.462,0.425,0.409,0.439,0.444,0.42,0.431,0.479,0.497,0.468,0.391,0.349,0.431,0.299,0.324,0.431,0.395,0.453
2600,0.326,0.362,0.355,0.354,0.362,0.387,0.405,0.342,0.387,0.411,0.409,0.384,0.405,0.457,0.462,0.425,0.408,0.439,0.443,0.42,0.431,0.479,0.496,0.468,0.392,0.351,0.433,0.301,0.326,0.432,0.397,0.454
2620,0.326,0.362,0.355,0.354,0.362,0.388,0.406,0.342,0.387,0.411,0.409,0.384,0.406,0.457,0.463,0.426,0.41,0.439,0.445,0.421,0.432,0.48,0.498,0.469,0.392,0.354,0.433,0.304,0.329,0.433,0.4,0.455
2640,0.326,0.362,0.355,0.354,0.363,0.388,0.407,0.342,0.387,0.411,0.409,0.384,0.405,0.457,0.464,0.426,0.41,0.44,0.444,0.421,0.433,0.48,0.498,0.47,0.393,0.356,0.434,0.307,0.332,0.434,0.402,0.456
2660,0.325,0.362,0.355,0.355,0.362,0.388,0.407,0.343,0.386,0.411,0.409,0.385,0.406,0.458,0.464,0.426,0.409,0.44,0.444,0.422,0.433,0.48,0.498,0.47,0.393,0.357,0.435,0.308,0.333,0.434,0.404,0.456
2680,0.325,0.361,0.355,0.354,0.362,0.388,0.406,0.343,0.387,0.41,0.409,0.384,0.406,0.458,0.463,0.426,0.41,0.44,0.444,0.423,0.434,0.48,0.499,0.47,0.393,0.359,0.436,0.311,0.336,0.435,0.406,0.458
2700,0.325,0.362,0.355,0.354,0.362,0.388,0.406,0.343,0.386,0.41,0.409,0.384,0.405,0.458,0.463,0.426,0.409,0.439,0.444,0.422,0.434,0.481,0.499,0.47,0.393,0.361,0.435,0.312,0.338,0.436,0.407,0.457
2720,0.324,0.361,0.355,0.354,0.362,0.388,0.407,0.343,0.386,0.41,0.409,0.385,0.406,0.459,0.464,0.426,0.41,0.44,0.444,0.424,0.435,0.481,0.499,0.471,0.394,0.363,0.436,0.314,0.341,0.437,0.409,0.458
2740,0.325,0.361,0.354,0.354,0.362,0.387,0.406,0.343,0.386,0.41,0.409,0.384,0.405,0.458,0.463,0.426,0.409,0.44,0.444,0.423,0.435,0.481,0.5,0.471,0.393,0.364,0.436,0.316,0.342,0.437,0.411,0.459
2760,0.324,0.361,0.354,0.354,0.362,0.388,0.406,0.343,0.386,0.41,0.409,0.384,0.406,0.458,0.464,0.427,0.409,0.44,0.444,0.424,0.435,0.481,0.5,0.472,0.393,0.366,0.437,0.318,0.345,0.438,0.412,0.46
2780,0.324,0.36,0.354,0.354,0.362,0.387,0.406,0.343,0.386,0.41,0.409,0.384,0.406,0.458,0.464,0.426,0.409,0.44,0.444,0.424,0.436,0.482,0.5,0.472,0.393,0.367,0.438,0.32,0.347,0.439,0.414,0.461
2800,0.324,0.361,0.354,0.354,0.363,0.388,0.407,0.344,0.385,0.41,0.408,0.384,0.405,0.458,0.464,0.426,0.409,0.44,0.444,0.424,0.436,0.481,0.501,0.472,0.394,0.369,0.438,0.322,0.349,0.439,0.416,0.461
2820,0.324,0.361,0.354,0.354,0.362,0.388,0.407,0.343,0.385,0.41,0.408,0.384,0.405,0.458,0.465,0.427,0.409,0.44,0.444,0.425,0.437,0.481,0.501,0.473,0.394,0.37,0.438,0.324,0.35,0.439,0.417,0.461
2840,0.324,0.36,0.354,0.354,0.362,0.388,0.407,0.343,0.385,0.41,0.408,0.384,0.406,0.458,0.465,0.427,0.408,0.44,0.444,0.425,0.437,0.482,0.502,0.473,0.394,0.372,0.438,0.326,0.352,0.441,0.419,0.462
2860,0.323,0.36,0.354,0.353,0.362,0.388,0.406,0.343,0.385,0.41,0.408,0.385,0.406,0.458,0.464,0.427,0.409,0.44,0.444,0.426,0.437,0.482,0.502,0.473,0.395,0.373,0.439,0.328,0.354,0.441,0.42,0.462
2880,0.323,0.36,0.354,0.353,0.362,0.388,0.407,0.343,0.385,0.41,0.408,0.384,0.406,0.458,0.465,0.427,0.409,0.44,0.444,0.426,0.438,0.482,0.502,0.473,0.394,0.374,0.439,0.329,0.356,0.442,0.421,0.463
2900,0.323,0.36,0.354,0.354,0.362,0.388,0.407,0.343,0.384,0.409,0.408,0.384,0.406,0.458,0.465,0.427,0.408,0.44,0.444,0.426,0.438,0.483,0.502,0.473,0.394,0.376,0.44,0.331,0.358,0.442,0.423,0.463
2920,0.323,0.36,0.353,0.354,0.362,0.388,0.406,0.343,0.384,0.41,0.408,0.384,0.406,0.459,0.464,0.427,0.408,0.44,0.444,0.427,0.438,0.483,0.503,0.475,0.395,0.378,0.44,0.333,0.36,0.443,0.424,0.464
2940,0.323,0.36,0.354,0.354,0.362,0.388,0.407,0.344,0.384,0.409,0.408,0.384,0.405,0.458,0.464,0.427,0.408,0.44,0.444,0.426,0.438,0.482,0.503,0.474,0.394,0.379,0.44,0.334,0.362,0.443,0.426,0.465
2960,0.323,0.36,0.353,0.354,0.362,0.388,0.408,0.344,0.385,0.41,0.408,0.384,0.406,0.459,0.465,0.428,0.408,0.441,0.444,0.427,0.439,0.484,0.504,0.475,0.395,0.381,0.441,0.336,0.365,0.444,0.428,0.467
2980,0.323,0.359,0.353,0.354,0.362,0.388,0.407,0.344,0.384,0.408,0.407,0.384,0.405,0.459,0.465,0.427,0.408,0.44,0.444,0.427,0.439,0.483,0.504,0.474,0.394,0.381,0.441,0.338,0.366,0.445,0.428,0.465
3000,0.322,0.36,0.354,0.354,0.362,0.388,0.407,0.343,0.384,0.408,0.407,0.384,0.406,0.458,0.465,0.428,0.408,0.44,0.444,0.427,0.44,0.483,0.503,0.475,0.395,0.383,0.441,0.339,0.368,0.445,0.43,0.467
3020,0.322,0.36,0.353,0.354,0.362,0.388,0.408,0.344,0.384,0.409,0.407,0.384,0.406,0.459,0.466,0.428,0.409,0.441,0.444,0.428,0.44,0.484,0.505,0.476,0.395,0.385,0.442,0.342,0.37,0.447,0.432,0.467
3040,0.322,0.359,0.353,0.353,0.363,0.389,0.407,0.344,0.383,0.408,0.407,0.383,0.405,0.459,0.465,0.427,0.407,0.44,0.444,0.427,0.44,0.483,0.504,0.475,0.395,0.385,0.441,0.342,0.371,0.446,0.432,0.467
3060,0.322,0.36,0.353,0.353,0.362,0.388,0.408,0.344,0.384,0.408,0.407,0.385,0.406,0.459,0.466,0.429,0.408,0.441,0.444,0.428,0.441,0.484,0.505,0.476,0.395,0.387,0.441,0.345,0.373,0.447,0.434,0.468
3080,0.322,0.359,0.353,0.353,0.362,0.388,0.407,0.344,0.383,0.408,0.407,0.384,0.406,0.458,0.465,0.428,0.408,0.44,0.444,0.428,0.441,0.484,0.505,0.476,0.395,0.387,0.442,0.346,0.374,0.447,0.434,0.468
3100,0.322,0.359,0.353,0.353,0.362,0.388,0.408,0.344,0.383,0.408,0.407,0.384,0.406,0.459,0.465,0.429,0.408,0.44,0.444,0.428,0.441,0.484,0.505,0.476,0.395,0.389,0.442,0.347,0.376,0.447,0.436,0.468
3120,0.321,0.359,0.352,0.353,0.362,0.388,0.407,0.344,0.382,0.408,0.407,0.384,0.406,0.459,0.466,0.429,0.407,0.441,0.444,0.429,0.441,0.484,0.506,0.477,0.396,0.39,0.443,0.349,0.378,0.448,0.437,0.469
3140,0.321,0.359,0.353,0.354,0.362,0.389,0.408,0.345,0.382,0.408,0.406,0.384,0.406,0.459,0.465,0.428,0.407,0.44,0.444,0.429,0.441,0.484,0.505,0.476,0.395,0.391,0.443,0.35,0.379,0.448,0.438,0.47
3160,0.321,0.359,0.352,0.353,0.362,0.389,0.408,0.344,0.383,0.408,0.407,0.384,0.406,0.459,0.467,0.43,0.408,0.441,0.444,0.429,0.442,0.485,0.506,0.478,0.395,0.392,0.443,0.352,0.381,0.449,0.439,0.471
3180,0.321,0.358,0.352,0.353,0.362,0.389,0.408,0.344,0.382,0.407,0.406,0.384,0.406,0.459,0.466,0.429,0.407,0.44,0.444,0.429,0.442,0.485,0.506,0.478,0.395,0.393,0.443,0.354,0.383,0.45,0.44,0.471
3200,0.321,0.358,0.352,0.353,0.363,0.388,0.408,0.345,0.382,0.407,0.407,0.384,0.406,0.459,0.466,0.429,0.407,0.441,0.444,0.43,0.442,0.485,0.506,0.477,0.396,0.394,0.444,0.354,0.384,0.449,0.441,0.471
3220,0.32,0.358,0.352,0.353,0.362,0.388,0.408,0.344,0.382,0.407,0.406,0.384,0.405,0.459,0.466,0.429,0.407,0.441,0.444,0.43,0.442,0.485,0.506,0.478,0.395,0.394,0.444,0.356,0.385,0.45,0.442,0.471
3240,0.32,0.358,0.352,0.353,0.362,0.388,0.408,0.344,0.381,0.407,0.406,0.384,0.406,0.459,0.466,0.429,0.407,0.44,0.443,0.429,0.442,0.485,0.506,0.478,0.395,0.395,0.443,0.357,0.387,0.451,0.443,0.472
3260,0.319,0.357,0.351,0.353,0.361,0.388,0.408,0.344,0.381,0.407,0.405,0.383,0.405,0.459,0.466,0.429,0.406,0.44,0.443,0.43,0.442,0.485,0.506,0.478,0.394,0.395,0.443,0.358,0.388,0.45,0.443,0.471
3280,0.319,0.358,0.352,0.353,0.362,0.387,0.408,0.344,0.381,0.406,0.405,0.383,0.405,0.458,0.466,0.429,0.406,0.44,0.443,0.429,0.442,0.485,0.507,0.478,0.395,0.397,0.443,0.36,0.389,0.451,0.444,0.472
3300,0.319,0.357,0.351,0.353,0.362,0.388,0.408,0.344,0.38,0.406,0.405,0.383,0.405,0.459,0.466,0.429,0.406,0.44,0.443,0.43,0.442,0.485,0.506,0.478,0.395,0.397,0.443,0.361,0.39,0.451,0.445,0.472
3320,0.319,0.357,0.351,0.352,0.362,0.388,0.408,0.344,0.38,0.406,0.405,0.382,0.405,0.459,0.466,0.429,0.406,0.44,0.442,0.429,0.443,0.485,0.507,0.478,0.395,0.398,0.443,0.362,0.392,0.452,0.446,0.473
3340,0.319,0.356,0.351,0.353,0.362,0.388,0.408,0.344,0.38,0.406,0.405,0.383,0.405,0.459,0.466,0.43,0.406,0.44,0.443,0.43,0.443,0.485,0.507,0.478,0.395,0.399,0.444,0.363,0.393,0.452,0.447,0.474
3360,0.318,0.356,0.35,0.352,0.362,0.387,0.408,0.344,0.38,0.406,0.405,0.383,0.405,0.458,0.466,0.43,0.406,0.44,0.442,0.43,0.443,0.485,0.507,0.479,0.395,0.4,0.444,0.364,0.394,0.452,0.448,0.473
3380,0.319,0.356,0.351,0.353,0.362,0.388,0.408,0.345,0.38,0.406,0.405,0.383,0.405,0.459,0.466,0.43,0.406,0.44,0.443,0.43,0.443,0.485,0.508,0.479,0.395,0.4,0.444,0.366,0.396,0.453,0.449,0.475
3400,0.318,0.356,0.351,0.353,0.361,0.388,0.408,0.345,0.38,0.406,0.405,0.383,0.405,0.459,0.466,0.43,0.406,0.44,0.443,0.431,0.443,0.485,0.508,0.479,0.395,0.401,0.444,0.367,0.397,0.453,0.449,0.475
3420,0.318,0.356,0.35,0.353,0.361,0.388,0.408,0.345,0.378,0.405,0.404,0.383,0.405,0.459,0.466,0.43,0.405,0.439,0.442,0.43,0.443,0.485,0.508,0.479,0.394,0.401,0.444,0.368,0.398,0.453,0.45,0.475
3440,0.318,0.356,0.35,0.352,0.362,0.388,0.408,0.344,0.379,0.405,0.404,0.383,0.405,0.458,0.466,0.43,0.405,0.439,0.442,0.43,0.443,0.485,0.507,0.479,0.395,0.402,0.444,0.369,0.4,0.454,0.451,0.475
3460,0.317,0.356,0.35,0.352,0.362,0.388,0.408,0.344,0.379,0.405,0.405,0.382,0.405,0.459,0.467,0.43,0.405,0.439,0.442,0.43,0.443,0.486,0.508,0.479,0.395,0.403,0.444,0.37,0.4,0.454,0.451,0.475
3480,0.317,0.355,0.35,0.352,0.362,0.388,0.409,0.344,0.379,0.405,0.403,0.382,0.405,0.459,0.466,0.43,0.404,0.439,0.442,0.43,0.444,0.486,0.508,0.479,0.395,0.404,0.444,0.371,0.401,0.455,0.452,0.475
3500,0.317,0.355,0.35,0.352,0.361,0.388,0.408,0.344,0.378,0.405,0.404,0.383,0.405,0.459,0.466,0.43,0.405,0.439,0.442,0.431,0.444,0.486,0.508,0.48,0.395,0.404,0.445,0.372,0.403,0.455,0.453,0.477
3520,0.317,0.355,0.35,0.352,0.361,0.387,0.408,0.345,0.378,0.404,0.404,0.383,0.404,0.458,0.466,0.43,0.404,0.439,0.441,0.43,0.444,0.485,0.508,0.479,0.394,0.405,0.444,0.373,0.404,0.455,0.453,0.476
3540,0.316,0.355,0.349,0.352,0.362,0.388,0.409,0.345,0.377,0.404,0.404,0.383,0.405,0.459,0.466,0.43,0.404,0.439,0.441,0.431,0.444,0.486,0.509,0.48,0.394,0.405,0.444,0.374,0.405,0.456,0.454,0.477
3560,0.316,0.354,0.349,0.351,0.361,0.388,0.408,0.345,0.377,0.404,0.404,0.382,0.404,0.459,0.466,0.43,0.404,0.439,0.442,0.431,0.444,0.486,0.508,0.48,0.394,0.405,0.444,0.375,0.406,0.456,0.454,0.477
3580,0.316,0.355,0.349,0.352,0.362,0.387,0.408,0.345,0.377,0.403,0.403,0.382,0.405,0.458,0.467,0.43,0.403,0.439,0.441,0.431,0.444,0.486,0.508,0.48,0.394,0.406,0.444,0.376,0.407,0.455,0.455,0.478
3600,0.316,0.355,0.349,0.352,0.361,0.387,0.409,0.345,0.378,0.404,0.403,0.382,0.405,0.459,0.467,0.431,0.404,0.439,0.442,0.431,0.444,0.486,0.508,0.48,0.395,0.407,0.445,0.377,0.408,0.456,0.456,0.479
3620,0.316,0.354,0.349,0.351,0.361,0.387,0.409,0.344,0.377,0.403,0.403,0.382,0.405,0.459,0.466,0.43,0.403,0.438,0.441,0.43,0.445,0.486,0.508,0.48,0.394,0.407,0.444,0.378,0.409,0.457,0.456,0.478
3640,0.315,0.354,0.348,0.352,0.362,0.387,0.409,0.344,0.376,0.403,0.403,0.382,0.405,0.459,0.467,0.43,0.403,0.438,0.441,0.43,0.444,0.486,0.508,0.48,0.393,0.408,0.444,0.378,0.41,0.457,0.457,0.478
3660,0.315,0.354,0.348,0.351,0.361,0.388,0.408,0.345,0.377,0.402,0.403,0.382,0.404,0.459,0.466,0.43,0.403,0.439,0.441,0.431,0.444,0.487,0.509,0.481,0.394,0.407,0.445,0.38,0.41,0.457,0.457,0.478
3680,0.315,0.353,0.348,0.351,0.36,0.387,0.409,0.345,0.376,0.402,0.402,0.381,0.403,0.458,0.466,0.43,0.402,0.437,0.44,0.43,0.443,0.486,0.509,0.48,0.393,0.408,0.444,0.38,0.411,0.456,0.457,0.478
3700,0.315,0.354,0.348,0.351,0.361,0.387,0.408,0.345,0.376,0.402,0.402,0.382,0.404,0.459,0.467,0.431,0.403,0.438,0.441,0.431,0.444,0.486,0.509,0.481,0.394,0.409,0.444,0.381,0.412,0.457,0.459,0.479
3720,0.314,0.353,0.348,0.351,0.36,0.387,0.409,0.345,0.374,0.401,0.402,0.381,0.403,0.458,0.466,0.43,0.402,0.438,0.44,0.43,0.444,0.486,0.509,0.481,0.393,0.408,0.444,0.382,0.413,0.458,0.459,0.48
3740,0.314,0.354,0.348,0.351,0.361,0.387,0.409,0.345,0.375,0.402,0.402,0.382,0.404,0.459,0.467,0.431,0.402,0.437,0.441,0.431,0.444,0.486,0.509,0.481,0.393,0.409,0.429,0.383,0.415,0.458,0.46,0.48
3760,0.313,0.353,0.348,0.351,0.36,0.387,0.408,0.344,0.375,0.402,0.401,0.381,0.404,0.459,0.466,0.43,0.402,0.437,0.44,0.431,0.445,0.487,0.509,0.481,0.393,0.409,0.427,0.383,0.415,0.459,0.46,0.48
3780,0.314,0.353,0.348,0.351,0.361,0.387,0.408,0.345,0.375,0.402,0.401,0.382,0.404,0.459,0.466,0.43,0.402,0.437,0.44,0.431,0.444,0.486,0.509,0.481,0.393,0.41,0.426,0.384,0.416,0.459,0.46,0.48
3800,0.313,0.352,0.347,0.35,0.361,0.388,0.409,0.345,0.375,0.402,0.401,0.381,0.404,0.459,0.467,0.43,0.402,0.437,0.44,0.431,0.444,0.487,0.509,0.481,0.393,0.41,0.424,0.384,0.417,0.459,0.461,0.48
3820,0.313,0.352,0.347,0.351,0.361,0.387,0.408,0.345,0.374,0.401,0.401,0.381,0.404,0.458,0.466,0.43,0.402,0.437,0.439,0.431,0.444,0.487,0.509,0.481,0.393,0.41,0.424,0.386,0.417,0.459,0.461,0.481
3840,0.313,0.352,0.347,0.35,0.36,0.387,0.408,0.344,0.374,0.401,0.401,0.381,0.403,0.458,0.466,0.431,0.401,0.437,0.44,0.43,0.445,0.486,0.509,0.481,0.392,0.411,0.424,0.386,0.418,0.459,0.461,0.48
3860,0.313,0.352,0.347,0.35,0.36,0.387,0.409,0.345,0.373,0.401,0.401,0.38,0.403,0.458,0.466,0.43,0.4,0.437,0.439,0.431,0.444,0.486,0.509,0.481,0.392,0.411,0.424,0.387,0.419,0.46,0.463,0.481
3880,0.312,0.352,0.346,0.351,0.361,0.387,0.409,0.344,0.373,0.401,0.4,0.38,0.404,0.458,0.466,0.43,0.401,0.437,0.439,0.431,0.444,0.487,0.509,0.481,0.392,0.412,0.424,0.387,0.42,0.46,0.462,0.482
3900,0.312,0.352,0.346,0.35,0.36,0.387,0.409,0.344,0.372,0.4,0.4,0.38,0.403,0.458,0.466,0.43,0.4,0.436,0.439,0.43,0.445,0.486,0.51,0.481,0.392,0.411,0.424,0.388,0.42,0.459,0.463,0.48
3920,0.312,0.352,0.346,0.35,0.361,0.387,0.409,0.345,0.373,0.4,0.4,0.38,0.403,0.458,0.467,0.43,0.4,0.436,0.439,0.431,0.444,0.486,0.509,0.482,0.392,0.412,0.424,0.389,0.421,0.461,0.464,0.482
3940,0.312,0.353,0.346,0.35,0.36,0.387,0.409,0.345,0.374,0.401,0.401,0.381,0.405,0.459,0.468,0.432,0.401,0.437,0.439,0.431,0.445,0.487,0.511,0.483,0.393,0.413,0.424,0.39,0.422,0.462,0.465,0.483
3960,0.312,0.351,0.345,0.35,0.36,0.387,0.409,0.344,0.372,0.4,0.399,0.38,0.403,0.458,0.466,0.43,0.4,0.435,0.438,0.43,0.445,0.486,0.509,0.481,0.391,0.412,0.422,0.39,0.422,0.459,0.464,0.481
3980,0.311,0.351,0.346,0.35,0.361,0.386,0.408,0.344,0.372,0.399,0.399,0.38,0.403,0.458,0.466,0.431,0.4,0.435,0.438,0.431,0.445,0.487,0.51,0.482,0.391,0.412,0.421,0.39,0.423,0.461,0.464,0.482
4000,0.31,0.351,0.345,0.349,0.36,0.386,0.408,0.344,0.371,0.399,0.399,0.379,0.403,0.458,0.466,0.431,0.399,0.435,0.438,0.43,0.445,0.486,0.51,0.482,0.391,0.413,0.421,0.391,0.423,0.46,0.464,0.482
4020,0.311,0.351,0.346,0.35,0.36,0.387,0.409,0.345,0.371,0.399,0.399,0.38,0.403,0.458,0.467,0.431,0.399,0.435,0.438,0.43,0.444,0.486,0.51,0.482,0.392,0.413,0.422,0.392,0.425,0.461,0.466,0.483
4040,0.31,0.35,0.345,0.349,0.359,0.386,0.408,0.344,0.371,0.399,0.399,0.38,0.403,0.458,0.466,0.431,0.399,0.435,0.438,0.431,0.445,0.487,0.51,0.482,0.391,0.413,0.421,0.392,0.425,0.462,0.466,0.483
4060,0.31,0.35,0.345,0.349,0.359,0.386,0.408,0.344,0.37,0.398,0.398,0.379,0.402,0.457,0.466,0.43,0.397,0.434,0.437,0.43,0.444,0.486,0.509,0.481,0.39,0.412,0.42,0.392,0.424,0.461,0.466,0.482
4080,0.31,0.35,0.344,0.349,0.359,0.386,0.408,0.345,0.37,0.398,0.399,0.379,0.403,0.457,0.466,0.43,0.398,0.435,0.437,0.43,0.444,0.486,0.51,0.482,0.39,0.413,0.42,0.393,0.425,0.46,0.466,0.482
4100,0.31,0.35,0.344,0.349,0.36,0.386,0.409,0.345,0.37,0.398,0.398,0.379,0.403,0.458,0.467,0.431,0.398,0.435,0.438,0.431,0.445,0.487,0.511,0.482,0.391,0.414,0.421,0.394,0.427,0.462,0.467,0.483
4120,0.309,0.349,0.344,0.348,0.36,0.386,0.408,0.344,0.369,0.397,0.398,0.379,0.402,0.457,0.466,0.43,0.398,0.434,0.437,0.429,0.444,0.486,0.51,0.482,0.39,0.413,0.42,0.394,0.426,0.461,0.467,0.483
4140,0.31,0.35,0.344,0.349,0.36,0.387,0.408,0.344,0.37,0.398,0.399,0.38,0.403,0.458,0.467,0.432,0.398,0.435,0.437,0.431,0.445,0.487,0.511,0.482,0.39,0.414,0.421,0.395,0.428,0.462,0.468,0.484
4160,0.308,0.349,0.343,0.348,0.359,0.387,0.408,0.344,0.369,0.397,0.397,0.378,0.402,0.457,0.466,0.431,0.397,0.434,0.436,0.429,0.444,0.486,0.51,0.482,0.39,0.413,0.42,0.394,0.428,0.462,0.467,0.483
4180,0.308,0.349,0.344,0.348,0.359,0.386,0.409,0.345,0.369,0.397,0.397,0.379,0.402,0.457,0.466,0.431,0.397,0.433,0.436,0.43,0.444,0.486,0.51,0.482,0.389,0.413,0.42,0.395,0.428,0.461,0.468,0.483
4200,0.308,0.348,0.343,0.348,0.358,0.385,0.408,0.344,0.368,0.396,0.396,0.378,0.401,0.457,0.466,0.43,0.397,0.433,0.436,0.43,0.444,0.486,0.51,0.482,0.389,0.413,0.42,0.396,0.429,0.462,0.468,0.484
4220,0.308,0.349,0.343,0.348,0.359,0.387,0.409,0.344,0.368,0.397,0.397,0.378,0.401,0.457,0.466,0.43,0.396,0.433,0.436,0.429,0.444,0.486,0.51,0.482,0.389,0.413,0.421,0.396,0.429,0.462,0.468,0.483
4240,0.307,0.348,0.343,0.347,0.358,0.385,0.408,0.344,0.368,0.396,0.396,0.378,0.402,0.457,0.466,0.43,0.396,0.433,0.436,0.429,0.444,0.486,0.51,0.482,0.389,0.414,0.42,0.396,0.43,0.462,0.468,0.484
4260,0.307,0.348,0.343,0.348,0.36,0.386,0.409,0.344,0.368,0.396,0.397,0.378,0.401,0.457,0.466,0.431,0.396,0.433,0.435,0.429,0.444,0.486,0.51,0.482,0.389,0.414,0.421,0.397,0.431,0.463,0.469,0.485
4280,0.307,0.348,0.342,0.347,0.358,0.385,0.408,0.344,0.368,0.396,0.396,0.379,0.401,0.457,0.466,0.431,0.396,0.433,0.436,0.43,0.444,0.486,0.51,0.482,0.389,0.414,0.42,0.397,0.431,0.462,0.469,0.484
4300,0.307,0.348,0.342,0.348,0.359,0.386,0.409,0.344,0.367,0.395,0.396,0.378,0.401,0.457,0.467,0.431,0.395,0.433,0.435,0.429,0.444,0.486,0.51,0.483,0.389,0.414,0.421,0.398,0.431,0.463,0.47,0.485
4320,0.306,0.348,0.342,0.348,0.359,0.386,0.409,0.344,0.367,0.395,0.396,0.378,0.401,0.457,0.466,0.431,0.395,0.432,0.435,0.429,0.444,0.486,0.51,0.483,0.389,0.414,0.421,0.398,0.432,0.463,0.47,0.485
4340,0.306,0.347,0.342,0.347,0.359,0.386,0.408,0.344,0.366,0.395,0.395,0.378,0.401,0.457,0.466,0.431,0.394,0.432,0.435,0.429,0.444,0.486,0.51,0.482,0.388,0.414,0.421,0.398,0.432,0.463,0.47,0.485
4360,0.306,0.347,0.342,0.348,0.358,0.386,0.409,0.344,0.366,0.395,0.395,0.378,0.401,0.456,0.466,0.431,0.394,0.432,0.435,0.429,0.444,0.486,0.51,0.483,0.388,0.414,0.421,0.399,0.432,0.463,0.47,0.486
4380,0.305,0.347,0.342,0.347,0.358,0.385,0.408,0.344,0.365,0.394,0.395,0.377,0.401,0.457,0.466,0.43,0.394,0.431,0.434,0.428,0.443,0.485,0.51,0.482,0.387,0.414,0.42,0.398,0.433,0.463,0.471,0.484
4400,0.306,0.346,0.341,0.347,0.357,0.385,0.408,0.343,0.364,0.394,0.394,0.377,0.401,0.456,0.466,0.43,0.394,0.431,0.434,0.428,0.444,0.486,0.51,0.482,0.387,0.414,0.42,0.399,0.432,0.463,0.47,0.484
4420,0.305,0.346,0.341,0.347,0.358,0.385,0.407,0.344,0.365,0.394,0.395,0.377,0.4,0.456,0.466,0.43,0.393,0.431,0.434,0.429,0.444,0.485,0.51,0.482,0.387,0.413,0.42,0.4,0.434,0.464,0.471,0.485
4440,0.304,0.346,0.341,0.346,0.358,0.384,0.408,0.343,0.364,0.394,0.394,0.377,0.401,0.456,0.465,0.43,0.393,0.431,0.433,0.428,0.444,0.485,0.51,0.482,0.387,0.413,0.42,0.4,0.433,0.463,0.471,0.485
4460,0.305,0.346,0.341,0.346,0.358,0.385,0.409,0.344,0.364,0.394,0.394,0.377,0.4,0.456,0.466,0.431,0.393,0.431,0.434,0.428,0.444,0.486,0.511,0.483,0.387,0.415,0.421,0.401,0.434,0.464,0.472,0.486
4480,0.304,0.346,0.34,0.346,0.358,0.385,0.408,0.344,0.364,0.394,0.394,0.377,0.401,0.456,0.466,0.431,0.393,0.431,0.434,0.428,0.444,0.486,0.51,0.483,0.387,0.414,0.421,0.401,0.435,0.464,0.472,0.485
4500,0.303,0.345,0.34,0.346,0.357,0.385,0.408,0.344,0.363,0.393,0.393,0.377,0.4,0.456,0.465,0.43,0.392,0.43,0.433,0.428,0.443,0.485,0.51,0.482,0.386,0.414,0.42,0.401,0.435,0.463,0.472,0.485
4520,0.303,0.346,0.34,0.346,0.358,0.385,0.407,0.344,0.364,0.393,0.393,0.376,0.4,0.456,0.466,0.43,0.392,0.43,0.433,0.428,0.443,0.485,0.509,0.482,0.386,0.414,0.42,0.401,0.435,0.464,0.471,0.486
4540,0.303,0.345,0.339,0.346,0.357,0.384,0.408,0.344,0.363,0.393,0.393,0.376,0.4,0.456,0.466,0.43,0.392,0.43,0.433,0.428,0.443,0.485,0.51,0.482,0.386,0.414,0.421,0.402,0.435,0.463,0.472,0.486
4560,0.303,0.345,0.339,0.346,0.358,0.386,0.408,0.344,0.363,0.392,0.393,0.376,0.4,0.456,0.466,0.43,0.392,0.429,0.432,0.427,0.443,0.485,0.51,0.482,0.386,0.414,0.42,0.402,0.435,0.464,0.472,0.486
4580,0.303,0.344,0.339,0.345,0.357,0.384,0.408,0.343,0.363,0.392,0.393,0.376,0.4,0.456,0.465,0.43,0.391,0.429,0.432,0.428,0.443,0.485,0.51,0.482,0.386,0.414,0.42,0.402,0.436,0.464,0.472,0.485
4600,0.302,0.344,0.338,0.345,0.356,0.384,0.408,0.343,0.361,0.391,0.392,0.375,0.399,0.454,0.465,0.43,0.39,0.428,0.431,0.427,0.442,0.485,0.509,0.482,0.385,0.413,0.42,0.401,0.435,0.463,0.472,0.485
4620,0.302,0.344,0.339,0.346,0.358,0.385,0.408,0.344,0.362,0.392,0.392,0.376,0.4,0.456,0.466,0.43,0.391,0.43,0.432,0.427,0.443,0.485,0.51,0.483,0.385,0.414,0.421,0.402,0.437,0.464,0.474,0.487
4640,0.302,0.343,0.338,0.346,0.357,0.384,0.408,0.344,0.362,0.391,0.392,0.375,0.399,0.456,0.466,0.43,0.391,0.429,0.432,0.427,0.443,0.485,0.511,0.483,0.385,0.414,0.42,0.402,0.437,0.464,0.474,0.487
4660,0.302,0.343,0.339,0.345,0.357,0.385,0.408,0.344,0.361,0.391,0.392,0.375,0.399,0.455,0.466,0.43,0.39,0.428,0.431,0.427,0.443,0.485,0.51,0.482,0.385,0.414,0.42,0.402,0.437,0.464,0.473,0.486
4680,0.301,0.343,0.338,0.345,0.357,0.384,0.408,0.343,0.361,0.391,0.391,0.375,0.399,0.456,0.466,0.43,0.39,0.429,0.431,0.427,0.443,0.485,0.51,0.483,0.384,0.414,0.42,0.403,0.438,0.464,0.473,0.486
4700,0.301,0.344,0.338,0.345,0.357,0.384,0.408,0.344,0.36,0.39,0.391,0.375,0.399,0.455,0.465,0.43,0.389,0.428,0.431,0.426,0.442,0.485,0.51,0.482,0.385,0.414,0.42,0.403,0.438,0.464,0.474,0.486
4720,0.301,0.343,0.338,0.345,0.357,0.384,0.408,0.343,0.36,0.39,0.391,0.375,0.399,0.456,0.466,0.43,0.39,0.428,0.43,0.427,0.442,0.485,0.509,0.482,0.384,0.414,0.42,0.403,0.438,0.464,0.474,0.486
4740,0.3,0.342,0.337,0.345,0.357,0.384,0.407,0.343,0.36,0.39,0.39,0.374,0.399,0.455,0.465,0.43,0.389,0.428,0.43,0.427,0.443,0.485,0.51,0.483,0.383,0.413,0.42,0.403,0.438,0.464,0.474,0.486
4760,0.3,0.342,0.337,0.344,0.356,0.384,0.407,0.343,0.359,0.389,0.39,0.374,0.398,0.454,0.464,0.429,0.388,0.427,0.43,0.426,0.441,0.484,0.509,0.482,0.383,0.412,0.419,0.402,0.438,0.463,0.473,0.486
4780,0.3,0.342,0.337,0.345,0.356,0.384,0.408,0.343,0.36,0.39,0.39,0.375,0.399,0.455,0.466,0.43,0.389,0.427,0.43,0.427,0.442,0.485,0.51,0.482,0.384,0.413,0.419,0.404,0.438,0.465,0.475,0.487
4800,0.3,0.343,0.337,0.344,0.356,0.385,0.408,0.344,0.359,0.39,0.39,0.374,0.399,0.454,0.466,0.43,0.388,0.427,0.43,0.426,0.442,0.485,0.511,0.483,0.383,0.414,0.42,0.404,0.439,0.465,0.475,0.488
4820,0.299,0.341,0.337,0.344,0.356,0.383,0.407,0.343,0.358,0.389,0.389,0.374,0.398,0.455,0.466,0.43,0.387,0.426,0.429,0.426,0.442,0.484,0.509,0.482,0.382,0.413,0.419,0.404,0.439,0.464,0.474,0.487
4840,0.298,0.341,0.336,0.343,0.355,0.383,0.407,0.343,0.358,0.388,0.389,0.373,0.398,0.454,0.465,0.43,0.387,0.426,0.429,0.426,0.442,0.484,0.51,0.482,0.382,0.413,0.419,0.403,0.439,0.464,0.474,0.486
4860,0.299,0.341,0.336,0.344,0.356,0.383,0.407,0.343,0.358,0.388,0.389,0.373,0.398,0.454,0.465,0.429,0.387,0.426,0.429,0.425,0.441,0.484,0.51,0.482,0.382,0.413,0.419,0.404,0.439,0.464,0.474,0.487
4880,0.298,0.341,0.336,0.343,0.357,0.384,0.408,0.343,0.358,0.389,0.389,0.374,0.398,0.455,0.466,0.43,0.387,0.426,0.429,0.426,0.442,0.485,0.51,0.482,0.382,0.413,0.419,0.405,0.44,0.465,0.475,0.487
4900,0.298,0.341,0.336,0.343,0.356,0.383,0.407,0.343,0.357,0.387,0.388,0.373,0.398,0.454,0.464,0.429,0.386,0.426,0.428,0.425,0.441,0.484,0.509,0.482,0.381,0.412,0.419,0.404,0.44,0.464,0.474,0.487
4920,0.298,0.341,0.335,0.343,0.356,0.382,0.407,0.343,0.357,0.388,0.388,0.373,0.398,0.454,0.466,0.43,0.386,0.425,0.429,0.426,0.441,0.484,0.51,0.482,0.381,0.412,0.419,0.405,0.44,0.464,0.475,0.487
4940,0.297,0.34,0.335,0.343,0.355,0.383,0.408,0.342,0.356,0.387,0.388,0.373,0.397,0.454,0.465,0.429,0.386,0.424,0.428,0.425,0.441,0.484,0.509,0.482,0.381,0.412,0.418,0.405,0.439,0.465,0.475,0.487
4960,0.297,0.34,0.335,0.343,0.355,0.383,0.408,0.343,0.356,0.387,0.388,0.372,0.397,0.454,0.464,0.43,0.386,0.425,0.428,0.424,0.441,0.484,0.51,0.482,0.381,0.413,0.418,0.405,0.44,0.465,0.476,0.487
4980,0.296,0.339,0.335,0.342,0.355,0.382,0.407,0.342,0.356,0.386,0.387,0.372,0.397,0.454,0.465,0.429,0.385,0.425,0.428,0.425,0.441,0.484,0.509,0.482,0.38,0.412,0.418,0.405,0.44,0.465,0.475,0.487
5000,0.297,0.339,0.335,0.342,0.355,0.382,0.407,0.342,0.355,0.386,0.387,0.372,0.397,0.453,0.464,0.429,0.385,0.424,0.427,0.424,0.441,0.483,0.509,0.482,0.38,0.412,0.418,0.405,0.441,0.464,0.474,0.487
5020,0.296,0.339,0.334,0.342,0.355,0.382,0.406,0.341,0.355,0.386,0.387,0.372,0.397,0.454,0.465,0.43,0.385,0.424,0.427,0.424,0.441,0.484,0.51,0.482,0.38,0.412,0.418,0.405,0.44,0.465,0.476,0.487
5040,0.296,0.339,0.334,0.342,0.355,0.382,0.407,0.342,0.354,0.385,0.386,0.371,0.396,0.453,0.464,0.429,0.384,0.423,0.426,0.424,0.44,0.483,0.509,0.482,0.38,0.412,0.417,0.404,0.441,0.464,0.476,0.487
5060,0.295,0.339,0.334,0.341,0.355,0.382,0.407,0.342,0.354,0.386,0.386,0.373,0.397,0.454,0.464,0.428,0.384,0.423,0.426,0.424,0.441,0.484,0.51,0.482,0.379,0.411,0.417,0.405,0.441,0.465,0.476,0.486
5080,0.295,0.338,0.333,0.341,0.354,0.381,0.406,0.341,0.353,0.385,0.386,0.371,0.395,0.452,0.463,0.428,0.383,0.422,0.425,0.423,0.44,0.483,0.508,0.481,0.378,0.411,0.417,0.405,0.44,0.464,0.475,0.487
5100,0.295,0.339,0.334,0.342,0.355,0.383,0.408,0.342,0.354,0.385,0.386,0.372,0.396,0.453,0.465,0.429,0.383,0.423,0.426,0.424,0.44,0.483,0.509,0.482,0.379,0.411,0.417,0.406,0.44,0.465,0.476,0.487
5120,0.295,0.337,0.333,0.342,0.354,0.382,0.407,0.342,0.354,0.384,0.386,0.372,0.396,0.453,0.465,0.429,0.383,0.422,0.426,0.424,0.44,0.483,0.509,0.482,0.379,0.411,0.417,0.406,0.441,0.465,0.477,0.488
5140,0.294,0.337,0.332,0.341,0.354,0.382,0.406,0.341,0.351,0.384,0.384,0.371,0.395,0.452,0.464,0.427,0.382,0.421,0.424,0.422,0.439,0.482,0.508,0.481,0.377,0.41,0.416,0.405,0.44,0.464,0.475,0.486
5160,0.294,0.337,0.333,0.341,0.355,0.382,0.406,0.342,0.353,0.385,0.385,0.371,0.396,0.453,0.464,0.428,0.383,0.422,0.425,0.423,0.44,0.483,0.509,0.482,0.378,0.411,0.417,0.405,0.441,0.465,0.476,0.487
5180,0.294,0.337,0.332,0.341,0.354,0.381,0.406,0.341,0.352,0.383,0.385,0.371,0.395,0.452,0.465,0.428,0.382,0.421,0.425,0.423,0.44,0.482,0.509,0.482,0.378,0.411,0.417,0.406,0.441,0.464,0.476,0.487
5200,0.294,0.337,0.332,0.342,0.355,0.381,0.407,0.342,0.352,0.384,0.384,0.371,0.396,0.452,0.465,0.428,0.382,0.421,0.424,0.423,0.44,0.483,0.509,0.482,0.377,0.411,0.416,0.406,0.442,0.465,0.477,0.487
5220,0.293,0.336,0.332,0.341,0.353,0.381,0.406,0.341,0.351,0.383,0.384,0.37,0.395,0.452,0.464,0.428,0.382,0.42,0.424,0.423,0.44,0.483,0.509,0.482,0.377,0.41,0.416,0.405,0.441,0.465,0.477,0.487
5240,0.292,0.336,0.332,0.34,0.353,0.381,0.406,0.341,0.35,0.382,0.384,0.37,0.395,0.451,0.463,0.427,0.38,0.42,0.424,0.422,0.439,0.482,0.508,0.481,0.376,0.41,0.416,0.406,0.441,0.464,0.476,0.487
5260,0.292,0.336,0.332,0.341,0.354,0.381,0.407,0.342,0.351,0.383,0.384,0.37,0.395,0.452,0.465,0.429,0.381,0.42,0.424,0.422,0.439,0.482,0.509,0.482,0.377,0.411,0.416,0.406,0.441,0.465,0.477,0.487
5280,0.292,0.336,0.331,0.34,0.353,0.381,0.406,0.341,0.35,0.382,0.383,0.369,0.394,0.452,0.464,0.428,0.38,0.42,0.423,0.422,0.439,0.482,0.509,0.482,0.376,0.41,0.415,0.405,0.442,0.465,0.477,0.487
5300,0.292,0.335,0.331,0.34,0.353,0.381,0.406,0.341,0.35,0.382,0.383,0.369,0.394,0.451,0.463,0.427,0.38,0.419,0.422,0.421,0.439,0.482,0.508,0.48,0.375,0.409,0.415,0.406,0.441,0.464,0.476,0.487
5320,0.291,0.335,0.331,0.339,0.353,0.38,0.406,0.341,0.35,0.381,0.382,0.369,0.395,0.451,0.463,0.428,0.379,0.42,0.423,0.422,0.439,0.482,0.508,0.481,0.375,0.409,0.415,0.406,0.441,0.464,0.476,0.487
5340,0.291,0.335,0.331,0.34,0.353,0.38,0.407,0.342,0.35,0.381,0.382,0.369,0.394,0.45,0.463,0.428,0.379,0.419,0.423,0.421,0.438,0.481,0.508,0.481,0.375,0.409,0.415,0.406,0.441,0.464,0.477,0.488
5360,0.291,0.335,0.33,0.34,0.353,0.381,0.407,0.341,0.349,0.381,0.383,0.369,0.394,0.452,0.464,0.428,0.379,0.419,0.423,0.422,0.439,0.482,0.509,0.482,0.375,0.41,0.416,0.406,0.442,0.465,0.477,0.488
5380,0.291,0.335,0.33,0.339,0.353,0.381,0.406,0.341,0.349,0.381,0.382,0.369,0.394,0.451,0.464,0.428,0.378,0.419,0.422,0.421,0.438,0.482,0.508,0.482,0.375,0.41,0.416,0.406,0.442,0.465,0.477,0.487
5400,0.29,0.335,0.33,0.339,0.353,0.38,0.407,0.341,0.349,0.381,0.382,0.368,0.394,0.451,0.464,0.428,0.378,0.419,0.422,0.421,0.438,0.481,0.508,0.481,0.374,0.409,0.414,0.406,0.442,0.464,0.477,0.488
